_id,place,name,__v
67221dd4aa7b9aa9ba128b7e,ABDULLAPURMET,,
67221dd4aa7b9aa9ba128b7f,ABIDS,,
67221dd4aa7b9aa9ba128b80,ADIBATLA,,
67221dd4aa7b9aa9ba128b81,ADIKMET,,
67221dd4aa7b9aa9ba128b82,AFZALGUNJ,,
67221dd4aa7b9aa9ba128b83,ALICAFE,,
67221dd4aa7b9aa9ba128b84,ALKAPURI,,
67221dd4aa7b9aa9ba128b85,ALLAPUR,,
67221dd4aa7b9aa9ba128b86,ALLWYN COLONY,,
67221dd4aa7b9aa9ba128b87,ALMASGUDA,,
67221dd4aa7b9aa9ba128b88,AMBERPET,,
67221dd4aa7b9aa9ba128b89,AMEERPET,,
67221dd4aa7b9aa9ba128b8a,ANAJPUR,,
67221dd4aa7b9aa9ba128b8b,ANAND NAGAR,,
67221dd4aa7b9aa9ba128b8c,ANJANEYA TOWER,,
67221dd4aa7b9aa9ba128b8d,ARAMGHAR,,
67221dd4aa7b9aa9ba128b8e,ARTS COLLEGE,,
67221dd4aa7b9aa9ba128b8f,ARUNODHAYA NAGAR,,
67221dd4aa7b9aa9ba128b90,ASHOK NAGAR,,
67221dd4aa7b9aa9ba128b91,BHEL,,
67221dd4aa7b9aa9ba128b92,ASSEMBLY,,
67221dd4aa7b9aa9ba128b93,ATTAPUR,,
67221dd4aa7b9aa9ba128b94,AUTO NAGAR,,
67221dd4aa7b9aa9ba128b95,BACHARAM,,
67221dd4aa7b9aa9ba128b96,BADANGPET,,
67221dd4aa7b9aa9ba128b97,BAHADURPURA,,
67221dd4aa7b9aa9ba128b98,BALANAGAR,,
67221dd4aa7b9aa9ba128b99,BALAPUR,,
67221dd4aa7b9aa9ba128b9a,BANDLAGUDA,,
67221dd4aa7b9aa9ba128b9b,BANJARA HILLS,,
67221dd4aa7b9aa9ba128b9c,BEGUMPET,,
67221dd4aa7b9aa9ba128b9d,BHAGYALATHA,,
67221dd4aa7b9aa9ba128b9e,BHARATH NAGAR,,
67221dd4aa7b9aa9ba128b9f,BHOIGUDA,,
67221dd4aa7b9aa9ba128ba0,BODUPPAL,,
67221dd4aa7b9aa9ba128ba1,BORABANDA,,
67221dd4aa7b9aa9ba128ba2,BOWENPALLY,,
67221dd4aa7b9aa9ba128ba3,BRAHMANAPALLY,,
67221dd4aa7b9aa9ba128ba4,BRINDAVAN COLONY,,
67221dd4aa7b9aa9ba128ba5,CBS,,
67221dd4aa7b9aa9ba128ba6,CHADARGHAT,,
67221dd4aa7b9aa9ba128ba7,CHAITANYAPURI,,
67221dd4aa7b9aa9ba128ba8,CHAMPAPET,,
67221dd4aa7b9aa9ba128ba9,CHANAKYAPURI,,
67221dd4aa7b9aa9ba128baa,CHANDANAGAR,,
67221dd4aa7b9aa9ba128bab,CHENGICHERLA,,
67221dd4aa7b9aa9ba128bac,CHIKKADAPALLY,,
67221dd4aa7b9aa9ba128bad,CHILKALGUDA,,
67221dd4aa7b9aa9ba128bae,CHINTHALKUNTA,,
67221dd4aa7b9aa9ba128baf,CITY COLLEGE,,
67221dd4aa7b9aa9ba128bb0,DANAMA JHOPDI,,
67221dd4aa7b9aa9ba128bb1,DHATU NAGAR,,
67221dd4aa7b9aa9ba128bb2,DILSUKHNAGAR,,
67221dd4aa7b9aa9ba128bb3,DRDL,,
67221dd4aa7b9aa9ba128bb4,DWARAKANAGAR,,
67221dd4aa7b9aa9ba128bb5,ERRAGADDA,,
67221dd4aa7b9aa9ba128bb6,FEROZGUDA,,
67221dd4aa7b9aa9ba128bb7,FEVER HOSP,,
67221dd4aa7b9aa9ba128bb8,G.V.K,,
67221dd4aa7b9aa9ba128bb9,GACHIBOWLI,,
67221dd4aa7b9aa9ba128bba,GAJULARAMARAM,,
67221dd4aa7b9aa9ba128bbb,GANDHI NAGAR,,
67221dd4aa7b9aa9ba128bbc,GANDICHERUVU,,
67221dd4aa7b9aa9ba128bbd,GANDIMAISAMMA,,
67221dd4aa7b9aa9ba128bbe,GANDIPET,,
67221dd4aa7b9aa9ba128bbf,GANESH NAGAR,,
67221dd4aa7b9aa9ba128bc0,GANESH TEMPLE ,,
67221dd4aa7b9aa9ba128bc1,GAR KOKAPET,,
67221dd4aa7b9aa9ba128bc2,GOLNAKA,,
67221dd4aa7b9aa9ba128bc3,GOVT HOSPITAL ,,
67221dd4aa7b9aa9ba128bc4,GOWLIDODDY,,
67221dd4aa7b9aa9ba128bc5,GOWRELLY,,
67221dd4aa7b9aa9ba128bc6,HABIB NAGAR,,
67221dd4aa7b9aa9ba128bc7,HABSIGUDA,,
67221dd4aa7b9aa9ba128bc8,HANUMAN  TEMPLE,,
67221dd4aa7b9aa9ba128bc9,HASAN NAGAR,,
67221dd4aa7b9aa9ba128bca,HAYATHNAGAR,,
67221dd4aa7b9aa9ba128bcb,HIGH COURT COLONY,,
67221dd4aa7b9aa9ba128bcc,HIMAYATHNAGAR,,
67221dd4aa7b9aa9ba128bcd,HITECH CITY,,
67221dd4aa7b9aa9ba128bce,HMT,,
67221dd4aa7b9aa9ba128bcf,HUDA COLONY,,
67221dd4aa7b9aa9ba128bd0,HYDERNAGAR,,
67221dd4aa7b9aa9ba128bd1,IBRAHIM BAGH,,
67221dd4aa7b9aa9ba128bd2,IDPL COLONY,,
67221dd4aa7b9aa9ba128bd3,IMAGE HOSP,,
67221dd4aa7b9aa9ba128bd4,INDIRA NAGAR,,
67221dd4aa7b9aa9ba128bd5,INFOSYS,,
67221dd4aa7b9aa9ba128bd6,INFOTECH,,
67221dd4aa7b9aa9ba128bd7,IRRUM MANZIL,,
67221dd4aa7b9aa9ba128bd8,IS SADAN,,
67221dd4aa7b9aa9ba128bd9,ISNAPUR,,
67221dd4aa7b9aa9ba128bda,JAGADGIRIGUTTA,,
67221dd4aa7b9aa9ba128bdb,JAMIA OSMANIA,,
67221dd4aa7b9aa9ba128bdc,JBS,,
67221dd4aa7b9aa9ba128bdd,JILLELGUDA,,
67221dd4aa7b9aa9ba128bde,JNTU,,
67221dd4aa7b9aa9ba128bdf,KABEER NAGAR,,
67221dd4aa7b9aa9ba128be0,KACHIGUDA,,
67221dd4aa7b9aa9ba128be1,KAMALA NAGAR,,
67221dd4aa7b9aa9ba128be2,KAMINENI HOSP,,
67221dd4aa7b9aa9ba128be3,KARKHANA,,
67221dd4aa7b9aa9ba128be4,KARMANGHAT,,
67221dd4aa7b9aa9ba128be5,KHAIRATABAD,,
67221dd4aa7b9aa9ba128be6,KHAJAGUDA,,
67221dd4aa7b9aa9ba128be7,KISHAN BAGH,,
67221dd4aa7b9aa9ba128be8,KOHEDA,,
67221dd4aa7b9aa9ba128be9,KOKAPET,,
67221dd4aa7b9aa9ba128bea,KONDAPUR,,
67221dd4aa7b9aa9ba128beb,KONGARA KALAN,,
67221dd4aa7b9aa9ba128bec,KOTHAPET,,
67221dd4aa7b9aa9ba128bed,KOTI,,
67221dd4aa7b9aa9ba128bee,KPHB,,
67221dd4aa7b9aa9ba128bef,KUKATPALLY,,
67221dd4aa7b9aa9ba128bf0,KUNTLOOR,,
67221dd4aa7b9aa9ba128bf1,KUSHAIGUDA,,
67221dd4aa7b9aa9ba128bf2,LAKDIKAPOOL,,
67221dd4aa7b9aa9ba128bf3,LAL BAZAR,,
67221dd4aa7b9aa9ba128bf4,LAL BUNGLOW,,
67221dd4aa7b9aa9ba128bf5,LALITHA NAGAR,,
67221dd4aa7b9aa9ba128bf6,LANGAR HOUSE,,
67221dd4aa7b9aa9ba128bf7,LASHKARGUDA,,
67221dd4aa7b9aa9ba128bf8,LB NAGAR,,
67221dd4aa7b9aa9ba128bf9,LENIN NAGAR,,
67221dd4aa7b9aa9ba128bfa,LINGAMPALLY,,
67221dd4aa7b9aa9ba128bfb,LOTHUKUNTA,,
67221dd4aa7b9aa9ba128bfc,MADEENAGUDA,,
67221dd4aa7b9aa9ba128bfd,MADHAPUR,,
67221dd4aa7b9aa9ba128bfe,MADINA,,
67221dd4aa7b9aa9ba128bff,MAITRIVANAM,,
67221dd4aa7b9aa9ba128c00,MAJEEDPUR X ROAD,,
67221dd4aa7b9aa9ba128c01,MALAKPET,,
67221dd4aa7b9aa9ba128c02,MALLAPUR,,
67221dd4aa7b9aa9ba128c03,MANSOORABAD,,
67221dd4aa7b9aa9ba128c04,MARRIPALLE,,
67221dd4aa7b9aa9ba128c05,MARUTI NAGAR,,
67221dd4aa7b9aa9ba128c06,MASAB TANK,,
67221dd4aa7b9aa9ba128c07,MATHUGUDA,,
67221dd4aa7b9aa9ba128c08,MEDIPALLY,,
67221dd4aa7b9aa9ba128c09,MEERPET,,
67221dd4aa7b9aa9ba128c0a,MEHDIPATNAM,,
67221dd4aa7b9aa9ba128c0b,MES COLONY,,
67221dd4aa7b9aa9ba128c0c,MILESTONE,,
67221dd4aa7b9aa9ba128c0d,MIYAPUR,,
67221dd4aa7b9aa9ba128c0e,MLA COLONY,,
67221dd4aa7b9aa9ba128c0f,MOHAN NAGAR,,
67221dd4aa7b9aa9ba128c10,MOOSAPET,,
67221dd4aa7b9aa9ba128c11,MOOSARAMBAGH,,
67221dd4aa7b9aa9ba128c12,MOTHERDAIRY,,
67221dd4aa7b9aa9ba128c13,MOTINAGAR,,
67221dd4aa7b9aa9ba128c14,MUNUGANOOR,,
67221dd4aa7b9aa9ba128c15,MUSHEERABAD,,
67221dd4aa7b9aa9ba128c16,MUTHANGI,,
67221dd4aa7b9aa9ba128c17,NADARGUL,,
67221dd4aa7b9aa9ba128c18,NAGOLE,,
67221dd4aa7b9aa9ba128c19,NALAKUNTA,,
67221dd4aa7b9aa9ba128c1a,NALGONDA  X ROAD,,
67221dd4aa7b9aa9ba128c1b,NAMALAGUNDU,,
67221dd4aa7b9aa9ba128c1c,NAMPALLY,,
67221dd4aa7b9aa9ba128c1d,NANAKRAMGUDA,,
67221dd4aa7b9aa9ba128c1e,NANDANAVANAM,,
67221dd4aa7b9aa9ba128c1f,NARAYANAGUDA,,
67221dd4aa7b9aa9ba128c20,NGOS COLONY,,
67221dd4aa7b9aa9ba128c21,NGRI,,
67221dd4aa7b9aa9ba128c22,NIMBOLIADDA,,
67221dd4aa7b9aa9ba128c23,NIMS HOSPITAL,,
67221dd4aa7b9aa9ba128c24,NIZAMPET,,
67221dd4aa7b9aa9ba128c25,NLB NAGAR,,
67221dd4aa7b9aa9ba128c26,NMDC,,
67221dd4aa7b9aa9ba128c27,NTR NAGAR,,
67221dd4aa7b9aa9ba128c28,NTR STADIUM,,
67221dd4aa7b9aa9ba128c29,ORR,,
67221dd4aa7b9aa9ba128c2a,OSMAN SAGAR,,
67221dd4aa7b9aa9ba128c2b,OWAISI HOSP,,
67221dd4aa7b9aa9ba128c2c,PALLE CHERUVU,,
67221dd4aa7b9aa9ba128c2d,PANAMA,,
67221dd4aa7b9aa9ba128c2e,PANJAGUTTA,,
67221dd4aa7b9aa9ba128c2f,PARADISE,,
67221dd4aa7b9aa9ba128c30,PARVATHPUR,,
67221dd4aa7b9aa9ba128c31,PASUMAMULA,,
67221dd4aa7b9aa9ba128c32,PATANCHERUVU,,
67221dd4aa7b9aa9ba128c33,PATNY,,
67221dd4aa7b9aa9ba128c34,PC TANDA,,
67221dd4aa7b9aa9ba128c35,PEDDA AMBERPET,,
67221dd4aa7b9aa9ba128c36,PEDDAMMA TEMPLE,,
67221dd4aa7b9aa9ba128c37,PISAL BANDA,,
67221dd4aa7b9aa9ba128c38,PR NAGAR,,
67221dd4aa7b9aa9ba128c39,PRAKASH NAGAR,,
67221dd4aa7b9aa9ba128c3a,PRASHANT HILLS,,
67221dd4aa7b9aa9ba128c3b,PUNJAGUTTA,,
67221dd4aa7b9aa9ba128c3c,PURANA POOL,,
67221dd4aa7b9aa9ba128c3d,QUTHBULLAPUR,,
67221dd4aa7b9aa9ba128c3e,RAHMATH NAGAR,,
67221dd4aa7b9aa9ba128c3f,RAIDURGAM,,
67221dd4aa7b9aa9ba128c40,RAJIVGRUHAKALPA,,
67221dd4aa7b9aa9ba128c41,RAMANTHAPUR,,
67221dd4aa7b9aa9ba128c42,RAMKOTI,,
67221dd4aa7b9aa9ba128c43,RAMKRISHNAPURAM,,
67221dd4aa7b9aa9ba128c44,RAMNAGAR GUNDU,,
67221dd4aa7b9aa9ba128c45,RATHIFILE,,
67221dd4aa7b9aa9ba128c46,RAVIRYAL,,
67221dd4aa7b9aa9ba128c47,RC PURAM,,
67221dd4aa7b9aa9ba128c48,RED TANK,,
67221dd4aa7b9aa9ba128c49,RK NAGAR,,
67221dd4aa7b9aa9ba128c4a,RN REDDY,,
67221dd4aa7b9aa9ba128c4b,RTC COLONY,,
67221dd4aa7b9aa9ba128c4c,SAGAR RING ROAD,,
67221dd4aa7b9aa9ba128c4d,SAHARA,,
67221dd4aa7b9aa9ba128c4e,SAI NAGAR,,
67221dd4aa7b9aa9ba128c4f,SAIDABAD,,
67221dd4aa7b9aa9ba128c50,SANATH NAGAR,,
67221dd4aa7b9aa9ba128c51,SANGHI TEMPLE,,
67221dd4aa7b9aa9ba128c52,SAROOR NAGAR,,
67221dd4aa7b9aa9ba128c53,SATYA ALWAL,,
67221dd4aa7b9aa9ba128c54,SATYA NAGAR,,
67221dd4aa7b9aa9ba128c55,SECRETARIAT,,
67221dd4aa7b9aa9ba128c56,SECUNDERABAD,,
67221dd4aa7b9aa9ba128c57,SHANTHI NAGAR,,
67221dd4aa7b9aa9ba128c58,SHARADHA NAGAR,,
67221dd4aa7b9aa9ba128c59,SHIVARAMPALLY,,
67221dd4aa7b9aa9ba128c5a,SIKH BASTHI,,
67221dd4aa7b9aa9ba128c5b,SITAPHALMANDI,,
67221dd4aa7b9aa9ba128c5c,SR NAGAR,,
67221dd4aa7b9aa9ba128c5d,SRI RAM NAGAR,,
67221dd4aa7b9aa9ba128c5e,SRIPURAM,,
67221dd4aa7b9aa9ba128c5f,SRIPURAM COLONY,,
67221dd4aa7b9aa9ba128c60,SUBHADRA NAGAR,,
67221dd4aa7b9aa9ba128c61,SUJATHA HOTEL,,
67221dd4aa7b9aa9ba128c62,SUPER BAZAR,,
67221dd4aa7b9aa9ba128c63,SURMAIGUDA,,
67221dd4aa7b9aa9ba128c64,TADBUND,,
67221dd4aa7b9aa9ba128c65,TARAMATHIPET,,
67221dd4aa7b9aa9ba128c66,TARNAKA,,
67221dd4aa7b9aa9ba128c67,TATTIANNARAM,,
67221dd4aa7b9aa9ba128c68,THIRUMALGIRI,,
67221dd4aa7b9aa9ba128c69,THOKATTA,,
67221dd4aa7b9aa9ba128c6a,THORRUR,,
67221dd4aa7b9aa9ba128c6b,TILAKNAGAR,,
67221dd4aa7b9aa9ba128c6c,TIVOLI,,
67221dd4aa7b9aa9ba128c6d,UDYOG NAGAR,,
67221dd4aa7b9aa9ba128c6e,UMARKHANGUDA,,
67221dd4aa7b9aa9ba128c6f,UPPAL,,
67221dd4aa7b9aa9ba128c70,UPPARIGUDA,,
67221dd4aa7b9aa9ba128c71,UPPERAPALLY,,
67221dd4aa7b9aa9ba128c72,VANASTHALIPURAM,,
67221dd4aa7b9aa9ba128c73,VASANTH NAGAR,,
67221dd4aa7b9aa9ba128c74,VBIT PARK,,
67221dd4aa7b9aa9ba128c75,VIDYANAGAR,,
67221dd4aa7b9aa9ba128c76,WARASIGUDA ,,
67221dd4aa7b9aa9ba128c77,WEST VENKATAPUR,,
67221dd4aa7b9aa9ba128c78,WONDERLA X ROAD,,
67221dd4aa7b9aa9ba128c79,YELLAMABANDA,,
67221dd4aa7b9aa9ba128c7a,YOUSUFGUDA,,
67221dd4aa7b9aa9ba128c7b,YSR COLONY,,
67221df53c39a208f1585008,,NGOS COLONY,0
67221df53c39a208f158500a,,RAJIVGRUHAKALPA,0
67221df53c39a208f158500c,,BANDLAGUDA,0
67221df53c39a208f158500e,,CHENGICHERLA,0
67221df53c39a208f1585010,,GAR KOKAPET,0
67221df53c39a208f1585014,,MIYAPUR,0
67221df53c39a208f1585016,,UPPAL,0
67221df53c39a208f1585018,,INDIRA NAGAR,0
67221df53c39a208f158501a,,SAHARA,0
67221df53c39a208f158501c,,GOWLIDODDY,0
67221df53c39a208f158501e,,KUSHAIGUDA,0
67221df53c39a208f1585020,,MEHDIPATNAM,0
67221df53c39a208f1585024,,PATANCHERUVU,0
67221df53c39a208f1585026,,KONDAPUR,0
67221df53c39a208f1585028,,MEHDIPATNAM,0
67221df53c39a208f158502a,,SECUNDERABAD,0
67221df53c39a208f158502c,,SECUNDERABAD,0
67221df53c39a208f158502e,,SECUNDERABAD,0
67221df53c39a208f1585030,,SECUNDERABAD,0
67221df53c39a208f1585032,,SECUNDERABAD,0
67221df53c39a208f1585034,,SECUNDERABAD,0
67221df53c39a208f1585036,,SECUNDERABAD,0
67221df53c39a208f1585038,,SECUNDERABAD,0
67221df53c39a208f158503a,,SECUNDERABAD,0
67221df53c39a208f158503c,,GACHIBOWLI,0
67221df53c39a208f158503e,,MEHDIPATNAM,0
67221df53c39a208f1585040,,RATHIFILE,0
67221df53c39a208f1585042,,ARAMGHAR,0
67221df53c39a208f1585012,,UPPAL,0
67221df53c39a208f1585046,,BACHARAM,0
67221df53c39a208f1585048,,MEHDIPATNAM,0
67221df53c39a208f158504a,,HAYATHNAGAR,0
67221df53c39a208f158504c,,KOTI,0
67221df53c39a208f158504e,,DILSUKHNAGAR,0
67221df53c39a208f1585050,,HAYATHNAGAR,0
67221df53c39a208f1585052,,ADIBATLA,0
67221df53c39a208f1585054,,ADIBATLA,0
67221df53c39a208f1585056,,RAVIRYAL,0
67221df53c39a208f1585022,,RN REDDY,0
67221df53c39a208f158505a,,DILSUKHNAGAR,0
67221df53c39a208f158505c,,ANAJPUR,0
67221df53c39a208f158505e,,DILSUKHNAGAR,0
67221df53c39a208f1585065,,SECUNDERABAD,0
67221df53c39a208f158507a,,NAGOLE ,0
67221df53c39a208f1585044,,RATHIFILE,0
67221df53c39a208f1585058,,GANDI CHERUVU,0
67221df53c39a208f15850f5,,BORABANDA,0
67221df53c39a208f1585104,,HITECH CITY,0
67221df53c39a208f158510f,,SECRETARIAT,0
67221df53c39a208f1585125,,['ASHOK NAGAR',0
67221df53c39a208f1585127,,'MALLAPUR',0
67221df53c39a208f1585129,,'UPPAL',0
67221df53c39a208f158512b,,'MATHUGUDA'],0
67221df53c39a208f158512d,,OSMAN SAGAR,0
67221df53c39a208f158512f,,['JNTU',0
67221df53c39a208f1585136,,'NAGOLE',0
67221df53c39a208f1585138,,'MOSAPET',0
67221df53c39a208f158513a,,'SR NAGAR',0
67221df53c39a208f158513c,,'AMEERPET',0
67221df53c39a208f158513e,,'IRRUM MANZIL',0
67221df53c39a208f1585140,,'LAKDIKAPOOL',0
67221df53c39a208f1585142,,'HIMAYATHNAGAR',0
67221df53c39a208f1585144,,'TARNAKA',0
67221df53c39a208f1585146,,'NGRI'],0
67221df53c39a208f158515f,,LB NAGAR,0
67221df53c39a208f1585161,,SAROOR NAGAR,0
67221df63c39a208f1585163,,BORABANDA,0
67221df63c39a208f1585165,,VBIT PARK,0
67221df63c39a208f158516b,,HYDERNAGAR,0
67221df63c39a208f158516d,,ISNAPUR,0
67221df63c39a208f158516f,,['KHAJAGUDA',0
67221df63c39a208f1585182,,BORABANDA,0
67221df63c39a208f1585184,,BORABANDA,0
67221df63c39a208f1585186,,SATYA NAGAR,0
67221df63c39a208f1585188,,['SHIVARAMPALLY',0
67221df63c39a208f158518a,,'HASAN NAGAR',0
67221df63c39a208f158518c,,'DANAMA JHOPDI',0
67221df63c39a208f158518e,,'TADBUND',0
67221df63c39a208f1585190,,'KISHAN BAGH',0
67221df63c39a208f1585192,,'BAHADURPURA',0
67221df63c39a208f1585194,,'PURANA POOL',0
67221df63c39a208f1585196,,'CITY COLLEGE',0
67221df63c39a208f1585198,,'MADINA',0
67221df63c39a208f158519a,,'CHADARGHAT',0
67221df63c39a208f158519c,,'AFZALGUNJ',0
67221df63c39a208f158519e,,'RAMKOTI',0
67221df63c39a208f15851a0,,'KOTI',0
67221df63c39a208f15851a2,,'NARAYANGUDA',0
67221df63c39a208f15851a4,,['NAGOLE',0
67221df63c39a208f15851a6,,'ALKAPURI',0
67221df63c39a208f15851a8,,'CHIKKADAPALLY',0
67221df63c39a208f15851aa,,'L.B NAGAR',0
67221df63c39a208f15851ac,,'KAMINENI HOSP',0
67221df63c39a208f15851ae,,'PALLE CHERUVU',0
67221df63c39a208f15851b0,,'ARAMGHAR',0
67221df63c39a208f15851b2,,'UPPERAPALLY',0
67221df63c39a208f15851b4,,'BRINDAVAN COLONY'],0
67221df63c39a208f15851b6,,JNTU,0
67221df63c39a208f1585167,,KPHB,0
67221df63c39a208f1585169,,JAGADGIRIGUTTA,0
67221df63c39a208f15851ce,,THORRUR,0
67221df63c39a208f15851d0,,'MUSHEERABAD',0
67221df63c39a208f15851d2,,'CHILKALGUDA'],0
67221df63c39a208f15851d4,,'SAGAR RING ROAD',0
67221df63c39a208f15851d6,,'OWAISI HOSP',0
67221df63c39a208f15851ca,,MARRIPALLE,0
67221df63c39a208f15851d8,,'DRDL',0
67221df63c39a208f15851da,,PISAL BANDA,0
67221df63c39a208f15851dc,,['NADARGUL',0
67221df63c39a208f15851de,,'GANDHI NAGAR',0
67221df63c39a208f15851e0,,'ANJANEYA TOWER',0
67221df63c39a208f15851e2,,'BADANGPET',0
67221df63c39a208f15851e4,,'LENIN NAGAR',0
67221df63c39a208f15851e6,,'BALAPUR',0
67221df63c39a208f15851e8,,'DHATU NAGAR',0
67221df63c39a208f15851ea,,'PISAL BANDA',0
67221df63c39a208f15851ec,,'IS SADAN',0
67221df63c39a208f15851ee,,'SAIDABAD',0
67221df63c39a208f15851f0,,'MALAKPET',0
67221df63c39a208f15851f2,,'CHADARDHAT'],0
67221df63c39a208f15851f4,,['WONDERLA X ROAD',0
67221df63c39a208f15851f6,,'KONGARA KALAN',0
67221df63c39a208f15851f8,,'ADIBATLA',0
67221df63c39a208f15851fa,,'CHANAKYAPURI',0
67221df63c39a208f15851fc,,'GANDHI NAGAR',0
67221df63c39a208f15851fe,,'ANJANEYA TOWER',0
67221df63c39a208f1585200,,'BADANGPET',0
67221df63c39a208f1585202,,'UDYOG NAGAR',0
67221df63c39a208f1585204,,'LENIN NAGAR',0
67221df63c39a208f1585206,,'DHATU NAGAR',0
67221df63c39a208f1585208,,'PISAL BANDA',0
67221df63c39a208f158520a,,'IS SADAN',0
67221df63c39a208f158520c,,'SAIDABAD',0
67221df63c39a208f158520e,,'CHADARGHAT'],0
67221df63c39a208f1585210,,LINGAMPALLY,0
67221df63c39a208f1585212,,['GOWRELLY',0
67221df63c39a208f1585214,,'TARAMATHIPET',0
67221df63c39a208f1585216,,'PASUMAMULA',0
67221df63c39a208f1585218,,'KUNTLOOR',0
67221df63c39a208f158521a,,'HAYATHNAGAR',0
67221df63c39a208f158521c,,'BHAGYALATHA',0
67221df63c39a208f158521e,,'AUTO NAGAR',0
67221df63c39a208f1585220,,'PANAMA',0
67221df63c39a208f1585222,,'CHINTALKUNTA',0
67221df63c39a208f1585224,,'LB NAGAR',0
67221df63c39a208f1585226,,'NTR NAGAR',0
67221df63c39a208f1585228,,'DWARAKA NAGAR',0
67221df63c39a208f158522a,,'KOTHAPET',0
67221df63c39a208f158522c,,'CHAITANYAPURI',0
67221df63c39a208f158522e,,'ATTAPUR'],0
67221df63c39a208f1585230,,KUNTLOOR,0
67221df63c39a208f1585232,,'MALKPET',0
67221df63c39a208f1585234,,'CHADARGHAT'],0
67221df63c39a208f1585236,,SANGHI TEMPLE,0
67221df63c39a208f1585238,,LB NAGAR,0
67221df63c39a208f158523a,,['CHAITANYAPURI',0
67221df63c39a208f158523c,,'KOTHAPET',0
67221df63c39a208f158523e,,'DWARAKANAGAR',0
67221df63c39a208f1585240,,'NTR NAGAR',0
67221df63c39a208f1585242,,'LB NAGAR',0
67221df63c39a208f1585244,,'CHINTALKUNTA',0
67221df63c39a208f1585248,,'VANASTHALI PURAM',0
67221df63c39a208f158524a,,'KAMALA NAGAR',0
67221df63c39a208f158524c,,'SUBHADRA NAGAR',0
67221df63c39a208f158524e,,'SHARADHA NAGAR',0
67221df63c39a208f1585250,,'SHANTHI NAGAR',0
67221df63c39a208f1585252,,'BHAGYALATHA',0
67221df63c39a208f1585254,,'RTC COLONY'],0
67221df63c39a208f1585256,,['YSR COLONY',0
67221df63c39a208f1585258,,'ALMASGUDA',0
67221df63c39a208f158525a,,'PRASHANT HILLS',0
67221df63c39a208f158525c,,'MEERPET',0
67221df63c39a208f158525e,,'LALITHA NAGAR',0
67221df63c39a208f1585260,,'JILLELGUDA',0
67221df63c39a208f1585262,,'CHAMPAPET',0
67221df63c39a208f15851cc,,BRAHMANAPALLY,0
67221df63c39a208f1585266,,'MALAKPET',0
67221df63c39a208f1585268,,'CHADARGHAT'],0
67221df63c39a208f1585276,,['INFOTECH',0
67221df63c39a208f1585278,,'INFOSYS',0
67221df63c39a208f158527a,,'GACHIBOWLI',0
67221df63c39a208f158527c,,'KHAJAGUDA',0
67221df63c39a208f158527e,,'BRINDAVAN COLONY',0
67221df63c39a208f1585280,,'MEHDIPATNAM',0
67221df63c39a208f1585282,,'LAKDIKAPOOL',0
67221df63c39a208f1585284,,'SECRETARIAT',0
67221df63c39a208f1585286,,'NARAYANAGUDA',0
67221df63c39a208f1585288,,'FEVER HOSP',0
67221df63c39a208f158528a,,'AMBERPET',0
67221df63c39a208f158528c,,'RAMANTHAPUR'],0
67221df63c39a208f158528e,,WEST VENKATAPUR,0
67221df63c39a208f1585297,,['GOVT HOSPITAL ',0
67221df63c39a208f1585299,,'RED TANK',0
67221df63c39a208f158529b,,'GANESH TEMPLE ',0
67221df63c39a208f158529d,,'PANAMA',0
67221df63c39a208f158529f,,'CHINTHALKUNTA',0
67221df63c39a208f15852a1,,'DILSUKHNAGAR',0
67221df63c39a208f15852a3,,'NTR NAGAR',0
67221df63c39a208f15852a5,,'KOTHAPET',0
67221df63c39a208f15852a7,,'CHAITANYAPURI'],0
67221df63c39a208f15852b5,,['MANSOORABAD',0
67221df63c39a208f15852b7,,'KAMINENI HOSP',0
67221df63c39a208f15852b9,,'L.B NAGAR',0
67221df63c39a208f15852bb,,'NTR NAGAR',0
67221df63c39a208f15852bd,,'KOTHAPET',0
67221df63c39a208f15852bf,,'CHAITANYAPURI',0
67221df63c39a208f15852c1,,'DILSUKHNAGAR ',0
67221df63c39a208f15852c3,,'MOOSARAMBAGH',0
67221df63c39a208f15852c5,,'CHADARGHAT',0
67221df63c39a208f15852c7,,'KOTI',0
67221df63c39a208f15852c9,,'ABIDS',0
67221df63c39a208f15852cb,,'NAMPALLY',0
67221df63c39a208f15852cd,,'ASSEMBLY',0
67221df63c39a208f15852cf,,['NANAKRAMGUDA',0
67221df63c39a208f15852d1,,'BRINDAVAN COLONY',0
67221df63c39a208f15852d3,,'MEHDIPATNAM',0
67221df63c39a208f15852d5,,'NAMPALLY',0
67221df63c39a208f15852d7,,'ABIDS'],0
67221df63c39a208f1585246,,'PANAMA',0
67221df63c39a208f1585264,,'SAIDABAD',0
67221df63c39a208f15852e2,,'AMBERPET',0
67221df63c39a208f15852e4,,'CHADARGHAT'],0
67221df63c39a208f15852e6,,'MOOSARAMBAGH',0
67221df63c39a208f15852e8,,'KHAJAGUDA',0
67221df63c39a208f15852ec,,GOWRELLY,0
67221df63c39a208f15852ee,,['LINGAM PALLY',0
67221df63c39a208f15852f0,,'KONDAPUR',0
67221df63c39a208f15852f2,,'HITECH CITY',0
67221df63c39a208f15852f4,,'MADHAPUR',0
67221df63c39a208f15852f6,,'PEDDAMMA TEMPLE',0
67221df63c39a208f15852f8,,'MLA COLONY',0
67221df63c39a208f15852fa,,'BANJARA HILLS',0
67221df63c39a208f1585300,,'MOOSARAMBAGH',0
67221df63c39a208f15852fe,,'ABIDS'],0
67221df63c39a208f1585302,,'DILSUKHNAGAR',0
67221df63c39a208f1585304,,'KOTHAPET',0
67221df63c39a208f1585306,,'NTR NAGAR',0
67221df63c39a208f1585308,,'L.B NAGAR',0
67221df63c39a208f158530a,,'CHINTALAKUNTA',0
67221df63c39a208f158530c,,'PANAMA',0
67221df63c39a208f158530e,,'BHAGYALATHA'],0
67221df63c39a208f158531f,,'SECRETARIAT'],0
67221df63c39a208f1585321,,AFZALGUNJ,0
67221df63c39a208f1585323,,['LAKDIKAPOOL',0
67221df63c39a208f1585325,,'ABIDS',0
67221df63c39a208f1585327,,'KOTI',0
67221df63c39a208f1585329,,'MALAKPET',0
67221df63c39a208f15852de,,['BODUPPAL',0
67221df63c39a208f1585359,,'L.B NAGAR',0
67221df63c39a208f15852e0,,'RAMANTHAPUR',0
67221df63c39a208f158537b,,['PEDDA AMBERPET',0
67221df63c39a208f158537d,,'HAYATH NAGAR',0
67221df63c39a208f158537f,,'RTC COLONY',0
67221df63c39a208f1585381,,'BHAGYALATHA',0
67221df63c39a208f1585383,,'HIGH COURT COLONY',0
67221df63c39a208f1585385,,'AUTO NAGAR',0
67221df63c39a208f1585387,,'PANAMA',0
67221df63c39a208f1585389,,'CHINTALKUNTA',0
67221df63c39a208f158538b,,'LB NAGAR',0
67221df63c39a208f158538d,,'NTR NAGAR',0
67221df63c39a208f158538f,,'DWARAKA NAGAR',0
67221df63c39a208f1585391,,'KOTHAPET',0
67221df63c39a208f1585393,,'CHAITANYAPURI',0
67221df63c39a208f1585395,,'DILSUKHNAGAR',0
67221df63c39a208f1585397,,'MOOSARAMBAGH',0
67221df63c39a208f1585399,,'MALAKPET CHERMAS',0
67221df63c39a208f158539b,,'CHADAR GHAT'],0
67221df63c39a208f15853b4,,'CHAITANYAPURI',0
67221df63c39a208f15853b6,,'KOTHAPET',0
67221df63c39a208f15853d0,,['HITECH CITY',0
67221df63c39a208f15853d4,,'PEDDAMMA TEMPLE',0
67221df63c39a208f15853d6,,'MLA COLONY',0
67221df63c39a208f15853d8,,'BANJARA HILLS',0
67221df63c39a208f15853da,,'ABIDS',0
67221df63c39a208f15853dc,,'MALAKPET',0
67221df63c39a208f15853de,,'MOOSARAMBAGH',0
67221df63c39a208f15853e0,,'DILSUKHNAGR',0
67221df63c39a208f15853e2,,'CHINTALKUNTA',0
67221df63c39a208f15853e4,,'PANAMA',0
67221df63c39a208f15853e6,,'BHAGYALATHA'],0
67221df63c39a208f15853d2,,'MADHAPUR',0
67221df63c39a208f158543e,,['SAI NAGAR',0
67221df63c39a208f1585440,,'MEDIPALLY',0
67221df63c39a208f1585442,,'BODUPPAL',0
67221df63c39a208f1585444,,'HABSIGUDA',0
67221df63c39a208f158544e,,'ADIKMET',0
67221df63c39a208f1585450,,'FEVER HOSP',0
67221df63c39a208f1585452,,'NARAYANAGUDA',0
67221df63c39a208f1585454,,'KHAIRATABAD',0
67221df63c39a208f1585456,,'PUNJAGUTTA',0
67221df63c39a208f1585458,,'ERRAGADDA'],0
67221df73c39a208f158545c,,['RAMANTHAPUR',0
67221df73c39a208f158545e,,'NTR STADIUM',0
67221df73c39a208f1585462,,'SUPER BAZAR',0
67221df73c39a208f1585464,,'ABIDS'],0
67221df73c39a208f1585466,,'PUNJAGUTTA',0
67221df73c39a208f1585468,,'YOUSUFGUDA',0
67221df73c39a208f158546a,,'PEDDAMMA TEMPLE'],0
67221df73c39a208f158546c,,['MATHUGUDA',0
67221df73c39a208f158546e,,'ANAND NAGAR',0
67221df73c39a208f1585470,,'SUJATHA HOTEL',0
67221df73c39a208f1585472,,'SAI NAGAR',0
67221df73c39a208f1585474,,'RAMKRISHNAPURAM',0
67221df73c39a208f1585476,,'DILSUKHNAGAR ',0
67221df73c39a208f158547a,,['LANGAR HOUSE',0
67221df73c39a208f158547c,,'IBRAHIM BAGH',0
67221df73c39a208f158547e,,'HANUMAN  TEMPLE',0
67221df73c39a208f1585480,,'KOKAPET',0
67221df73c39a208f1585482,,'GANDIPET'],0
67221df73c39a208f1585491,,'PRAKASH NAGAR',0
67221df73c39a208f1585495,,['PATNY',0
67221df73c39a208f1585497,,'PARADISE',0
67221df73c39a208f1585499,,'BEGUMPET',0
67221df73c39a208f158549b,,'LAL BUNGLOW',0
67221df73c39a208f158549d,,'MAITRIVANAM',0
67221df73c39a208f158549f,,'SANATH NAGAR',0
67221df73c39a208f15854a1,,'HITECH CITY'],0
67221df73c39a208f15854ab,,['RATHIFILE',0
67221df73c39a208f15854ad,,'CHILKALGUDA',0
67221df73c39a208f15854af,,'SITAPHALMANDI',0
67221df73c39a208f15854b1,,'WARASIGUDA ',0
67221df73c39a208f15854b3,,'JAMIA OSMANIA',0
67221df73c39a208f15854b5,,'ERRAGADDA',0
67221df73c39a208f15854b7,,'PR NAGAR',0
67221df73c39a208f15854b9,,'KABEER NAGAR',0
67221df73c39a208f15854bb,,'MOTINAGAR',0
67221df73c39a208f15854bd,,'BORABANDA',0
67221df73c39a208f15854bf,,'ALLAPUR',0
67221df73c39a208f15854c1,,'PARVATHPUR',0
67221df73c39a208f15854c5,,'NAMALAGUNDU',0
67221df73c39a208f15854c7,,'ARTS COLLEGE',0
67221df73c39a208f15854c9,,'RAMNAGAR GUNDU',0
67221df73c39a208f15854cb,,'GOLNAKA',0
67221df73c39a208f15854cd,,'ALICAFE',0
67221df73c39a208f15854cf,,'DILSUKNAGAR',0
67221df73c39a208f15854d1,,'NTR NAGAR'],0
67221df73c39a208f15854d3,,['RATHIFILE',0
67221df73c39a208f15854d5,,'WARASIGUDA ',0
67221df73c39a208f15854d7,,'JAMIA OSMANIA',0
67221df73c39a208f15854d9,,'RAMNAGAR GUNDU',0
67221df73c39a208f15854db,,'SRIPURAM COLONY',0
67221df73c39a208f15854dd,,'VIDYANAGAR',0
67221df73c39a208f15854df,,'SRIPURAM',0
67221df73c39a208f15854e1,,'MUSARAMBAGH',0
67221df73c39a208f15854e3,,'CHILKALGUDA',0
67221df73c39a208f15854e5,,'SITAPHALMANDI',0
67221df73c39a208f15854e7,,'NAMALAGUNDU',0
67221df73c39a208f15854e9,,'ARTS COLLEGE',0
67221df73c39a208f15854eb,,'VIDYANAGAR',0
67221df73c39a208f15854ed,,'TILAKNAGAR',0
67221df73c39a208f15854ef,,'KACHIGUDA',0
67221df73c39a208f15854f1,,'GOLNAKA',0
67221df73c39a208f15854f3,,['PATNY',0
67221df73c39a208f15854f5,,'ERRAGADDA',0
67221df73c39a208f15854f7,,'PR NAGAR',0
67221df73c39a208f15854f9,,'KABEER NAGAR',0
67221df73c39a208f15854fb,,'MOTINAGAR'],0
67221df73c39a208f15854ff,,'BEGUMPET',0
67221df73c39a208f1585501,,'LAL BUNGLOW',0
67221df73c39a208f1585503,,'ERRAGADDA',0
67221df73c39a208f1585505,,'BHARATH NAGAR',0
67221df73c39a208f1585507,,'MOOSAPET',0
67221df73c39a208f1585509,,'KUKATPALLY',0
67221df73c39a208f158550b,,'JNTU',0
67221df73c39a208f158550d,,'NIZAMPET'],0
67221df73c39a208f158550f,,'PARADISE',0
67221df73c39a208f1585513,,'HUDA COLONY'],0
67221df73c39a208f1585515,,'PARADISE',0
67221df73c39a208f1585517,,'PRAKASH NAGAR',0
67221df73c39a208f1585519,,'BEGUMPET',0
67221df73c39a208f158551b,,'LAL BUNGLOW',0
67221df73c39a208f1585460,,'MOOSARAMBAGH',0
67221df73c39a208f1585521,,'PRAKASH NAGAR',0
67221df73c39a208f1585523,,'MAITRIVANAM',0
67221df73c39a208f1585525,,['PATNY',0
67221df73c39a208f1585527,,'BOWENPALLY',0
67221df73c39a208f1585529,,'KPHB',0
67221df73c39a208f158552b,,'JNTU X ROAD',0
67221df73c39a208f158552d,,'VASANTH NAGAR',0
67221df73c39a208f158552f,,'HYDERNAGAR',0
67221df73c39a208f1585531,,'MADEENAGUDA',0
67221df73c39a208f1585533,,'RC PURAM',0
67221df73c39a208f1585535,,'PATANCHERUVU',0
67221df73c39a208f1585537,,'PC TANDA',0
67221df73c39a208f1585539,,'MUTHANGI'],0
67221df73c39a208f158553b,,'BALANAGAR',0
67221df73c39a208f158553d,,'KUKATPALLY',0
67221df73c39a208f158553f,,'MIYAPUR',0
67221df73c39a208f1585541,,'ALLWYN',0
67221df73c39a208f1585543,,'CHANDANAGAR',0
67221df73c39a208f1585545,,'LINGAMPALLY',0
67221df73c39a208f1585547,,'ASHOK NAGAR BHEL',0
67221df73c39a208f158554b,,'PARADISE',0
67221df73c39a208f158554d,,'PRAKASH NAGAR',0
67221df73c39a208f158554f,,'YOUSUFGUDA',0
67221df73c39a208f1585551,,'RAHMATH NAGAR',0
67221df73c39a208f1585553,,'SRI RAM NAGAR',0
67221df73c39a208f1585555,,'MOTINAGAR'],0
67221df73c39a208f1585557,,'MASAB TANK',0
67221df73c39a208f1585559,,'PANJAGUTTA',0
67221df73c39a208f158555b,,'MAITRIVANAM',0
67221df73c39a208f158555d,,'ERRAGADDA',0
67221df73c39a208f158555f,,'PR NAGAR',0
67221df73c39a208f1585561,,'MOTINAGAR'],0
67221df73c39a208f1585563,,['MUSHEERABAD',0
67221df73c39a208f1585565,,['PATNY',0
67221df73c39a208f1585567,,'BEGUMPET',0
67221df73c39a208f1585569,,'LAL BUNGLOW',0
67221df73c39a208f158556b,,'MAITRIVANAM',0
67221df73c39a208f158556d,,['NMDC',0
67221df73c39a208f158556f,,'G.V.K',0
67221df73c39a208f1585571,,'NIMS HOSPITAL',0
67221df73c39a208f1585573,,'KABEER NAGAR',0
67221df73c39a208f1585575,,'MARUTI NAGAR'],0
67221df73c39a208f1585577,,['PATNY',0
67221df73c39a208f1585579,,'TADBAND',0
67221df73c39a208f158557b,,'FEROZGUDA',0
67221df73c39a208f158557d,,'BALANAGAR',0
67221df73c39a208f158557f,,'GANESH NAGAR',0
67221df73c39a208f1585581,,'CHINTAL',0
67221df73c39a208f1585583,,'QUTHBULLAPUR',0
67221df73c39a208f1585585,,'HMT',0
67221df73c39a208f1585587,,'GAJULARAMARAM',0
67221df73c39a208f1585589,,'SIKH BASTHI',0
67221df73c39a208f158558b,,'YELLAMABANDA'],0
67221df73c39a208f158558d,,['BRINDAVAN COLONY',0
67221df73c39a208f158558f,,'RAIDURGAM',0
67221df73c39a208f1585591,,'KPHB'],0
67221df73c39a208f1585593,,'TIVOLI',0
67221df73c39a208f1585595,,'THOKATTA',0
67221df73c39a208f1585597,,'BOWENPALLY',0
67221df73c39a208f1585599,,'IDPL COLONY',0
67221df73c39a208f158559b,,'NLB NAGAR',0
67221df73c39a208f158559d,,['PATNY',0
67221df73c39a208f158559f,,'PARADISE',0
67221df73c39a208f15855a1,,'PRAKASH NAGAR',0
67221df73c39a208f15855a3,,'MAITRIVANAM',0
67221df73c39a208f15855a5,,'HABIB NAGAR',0
67221df73c39a208f15855a7,,'PARADISE',0
67221df73c39a208f15855a9,,'MUNUGANOOR'],0
67221df73c39a208f15855ab,,['CHANAKYAPURI',0
67221df73c39a208f15855ad,,'BEGUMPET',0
67221df73c39a208f15855af,,'LAL BUNGLOW',0
67221df73c39a208f15855b1,,'ERRAGADDA',0
67221df73c39a208f15855b3,,'BHARATH NAGAR',0
67221df73c39a208f15855b5,,'KUKATPALLY',0
67221df73c39a208f15855b7,,['RTC COLONY',0
67221df73c39a208f15855b9,,'THORRUR',0
67221df73c39a208f15855bb,,'HAYATHNAGAR VILLAGE',0
67221df73c39a208f15855bd,,'NADARGUL',0
67221df73c39a208f15855bf,,'DILSUKH NAGAR',0
67221df73c39a208f15855c1,,'BANDLAGUDA',0
67221df73c39a208f15855c3,,'ANAND NAGAR',0
67221df73c39a208f15855c5,,'RK NAGAR'],0
67221df73c39a208f15855c7,,['NANDANAVANAM',0
67221df73c39a208f15855c9,,'KARMANGHAT',0
67221df73c39a208f15855cb,,'IMAGE HOSP',0
67221df73c39a208f15855cd,,'MADEENAGUDA',0
67221df73c39a208f15855cf,,'CHANDANAGAR'],0
67221df73c39a208f15855d1,,['MOTHERDAIRY',0
67221df73c39a208f15855d3,,'UDYOG',0
67221df73c39a208f15855d5,,'BALAPUR X ROAD',0
67221df73c39a208f15855d7,,'DHATU NAGAR'],0
67221df73c39a208f15855d9,,['CHADARGHAT',0
67221df73c39a208f15855db,,'NALGONDA  X ROAD',0
67221df73c39a208f15855dd,,'MOHAN NAGAR',0
67221df73c39a208f15855df,,'MATHUGUDA',0
67221df73c39a208f15855e1,,'TATTIANNARAM',0
67221df73c39a208f15855e3,,'AUTONAGAR',0
67221df73c39a208f15855e5,,'BHAGHYALATHA',0
67221df73c39a208f15855e7,,'PEDDA AMBERPET',0
67221df73c39a208f15855e9,,'GANDICHERUVU',0
67221df73c39a208f15855eb,,'UPPARIGUDA',0
67221df73c39a208f158551d,,'MAITRIVANAM',0
67221df73c39a208f15855ef,,'UMARKHANGUDA'],0
67221df73c39a208f15855f1,,['MAJEEDPUR X ROAD',0
67221df73c39a208f15855f3,,'SURMAIGUDA',0
67221df73c39a208f15855f5,,'LASHKARGUDA',0
67221df73c39a208f15855f7,,'ABDULLAPURMET',0
67221df73c39a208f15855f9,,'GANDIMAISAMMA',0
67221df73c39a208f15855fb,,'ORR',0
67221df73c39a208f15855fd,,'PEDDA AMBERPET',0
67221df73c39a208f15855ff,,'CHINTAL KUNTA',0
67221df73c39a208f1585601,,'KUNTLOOR VILLAGE',0
67221df73c39a208f158551f,,['PATNY',0
67221df83c39a208f1585605,,'CHINTALKUNTA'],0
67221df83c39a208f1585607,,'JBS',0
67221df83c39a208f1585609,,'KARKHANA',0
67221df83c39a208f158560b,,'THIRUMALGIRI',0
67221df83c39a208f158560f,,'LOTHUKUNTA',0
67221df83c39a208f1585613,,'THORRUR VILLAGE'],0
67221df83c39a208f1585615,,['PATNY',0
67221df83c39a208f158561d,,'ALLWYN COLONY'],0
67221df83c39a208f1585617,,'SATYA ALWAL',0
67221df83c39a208f1585621,,'THATTI ANNARAM',0
67221df83c39a208f1585619,,'MES COLONY'],0
67221df83c39a208f1585623,,'QUTHUBULLAPUR'],0
67221df83c39a208f158560d,,'LAL BAZAR',0
67221df83c39a208f1585625,,['CHILKALGUDA',0
67221df83c39a208f1585629,,['ARUNODHAYA NAGAR',0
67221df83c39a208f158562b,,'BANDLAGUDA',0
67221df83c39a208f158562d,,'MATHUGUDA',0
67221df83c39a208f158562f,,'BANDLAGUDA',0
67221df83c39a208f1585631,,'BHOIGUDA',0
67221df83c39a208f1585633,,'NALAKUNTA',0
67221df83c39a208f1585635,,'KACHIGUDA',0
67221df83c39a208f1585637,,'NIMBOLIADDA',0
67221df83c39a208f1585639,,'CBS'],0
67221df83c39a208f158563f,,'MUNUGANOOR',0
67221df73c39a208f15855ed,,'KOHEDA',0
67221df73c39a208f1585603,,'MILESTONE'],0
